{"Loss": 2.3564473726810555, "_timestamp": 1704467244.1384406, "_runtime": 241.9587435722351, "_step": 15, "Accuracy": 9.876666666666667, "_wandb": {"runtime": 248}}