{"Loss": 2.357449047223524, "_timestamp": 1704466923.2086596, "_runtime": 416.7568757534027, "_step": 30, "Accuracy": 10.183333333333334, "acc_plot": {"_type": "plotly-file", "sha256": "667d49cd1b527816d3dd91ef81e7c537e2ebcfd521c67dba2823f90efc51ad14", "size": 9428, "path": "media/plotly/acc_plot_30_667d49cd1b527816d3dd.plotly.json"}, "_wandb": {"runtime": 414}}